RUN,TRENCH_ARE,TRENCH_P,ROTATION,MID_X,MID_Y,F_INT,A_INT,F_INT_P,A_INT_P,S_FEAT,S_AREA
1,41359.10000000000,0.09997490000,21.18370000000,85536.10000000000,200701.00000000000,692,3825.45000000000,20.38890000000,10.09060000000,3394,37911.1075936
2,41373.40000000000,0.10001000000,66.55330000000,85531.50000000000,200720.00000000000,622,3725.97000000000,18.32650000000,9.82817000000,3395,37912.1075936
3,41369.70000000000,0.10000100000,82.92430000000,85537.20000000000,200693.00000000000,705,3801.49000000000,20.77190000000,10.02740000000,3396,37913.1075936
4,41351.80000000000,0.09995750000,173.76500000000,85540.90000000000,200680.00000000000,684,3702.50000000000,20.15320000000,9.76627000000,3397,37914.1075936
5,41374.70000000000,0.10001300000,96.18390000000,85541.70000000000,200673.00000000000,673,3668.07000000000,19.82910000000,9.67544000000,3398,37915.1075936
6,41261.00000000000,0.09973800000,97.82610000000,85543.30000000000,200701.00000000000,694,3834.81000000000,20.44780000000,10.11530000000,3399,37916.1075936
7,41305.90000000000,0.09984640000,39.40020000000,85547.30000000000,200716.00000000000,699,3896.96000000000,20.59520000000,10.27920000000,3400,37917.1075936
8,41362.80000000000,0.09998400000,40.60210000000,85533.50000000000,200681.00000000000,719,3765.35000000000,21.18440000000,9.93205000000,3401,37918.1075936
9,41365.20000000000,0.09998970000,165.74700000000,85547.30000000000,200696.00000000000,701,3887.24000000000,20.65410000000,10.25360000000,3402,37919.1075936
10,41378.00000000000,0.10002100000,172.57800000000,85532.50000000000,200719.00000000000,708,3673.04000000000,20.86030000000,9.68855000000,3403,37920.1075936
11,41365.40000000000,0.09999030000,43.17880000000,85542.40000000000,200672.00000000000,614,3848.17000000000,18.09070000000,10.15050000000,3404,37921.1075936
12,41388.90000000000,0.10004700000,109.18500000000,85531.10000000000,200700.00000000000,704,3782.35000000000,20.74250000000,9.97690000000,3405,37922.1075936
13,41354.80000000000,0.09996450000,58.22950000000,85541.50000000000,200678.00000000000,677,3895.18000000000,19.94700000000,10.27450000000,3406,37923.1075936
14,41365.80000000000,0.09999110000,108.64800000000,85545.90000000000,200697.00000000000,690,3978.17000000000,20.33000000000,10.49340000000,3407,37924.1075936
15,41372.20000000000,0.10000700000,100.93200000000,85536.60000000000,200709.00000000000,684,3886.35000000000,20.15320000000,10.25120000000,3408,37925.1075936
16,41361.40000000000,0.09998050000,78.62400000000,85545.40000000000,200714.00000000000,685,3787.42000000000,20.18270000000,9.99025000000,3409,37926.1075936
17,41373.50000000000,0.10001000000,152.98700000000,85534.40000000000,200712.00000000000,661,3689.55000000000,19.47550000000,9.73211000000,3410,37927.1075936
18,41366.00000000000,0.09999170000,46.62420000000,85541.40000000000,200698.00000000000,683,4023.60000000000,20.12370000000,10.61320000000,3411,37928.1075936
19,41360.00000000000,0.09997720000,175.85600000000,85541.40000000000,200718.00000000000,687,3550.10000000000,20.24160000000,9.36428000000,3412,37929.1075936
20,41188.30000000000,0.09956200000,111.15500000000,85531.80000000000,200677.00000000000,692,3605.88000000000,20.38890000000,9.51140000000,3413,37930.1075936
21,41367.80000000000,0.09999600000,34.29780000000,85538.60000000000,200686.00000000000,643,3904.49000000000,18.94520000000,10.29910000000,3414,37931.1075936
22,41369.80000000000,0.10000100000,8.61511000000,85537.70000000000,200722.00000000000,654,3852.74000000000,19.26930000000,10.16250000000,3415,37932.1075936
23,41365.30000000000,0.09999000000,60.94480000000,85531.60000000000,200699.00000000000,661,3710.89000000000,19.47550000000,9.78840000000,3416,37933.1075936
24,41371.80000000000,0.10000600000,49.21990000000,85532.40000000000,200716.00000000000,619,3876.04000000000,18.23810000000,10.22400000000,3417,37934.1075936
25,41369.40000000000,0.09999980000,137.36200000000,85538.60000000000,200681.00000000000,636,3751.21000000000,18.73900000000,9.89476000000,3418,37935.1075936
26,41370.20000000000,0.10000200000,12.78670000000,85532.80000000000,200717.00000000000,644,3874.04000000000,18.97470000000,10.21880000000,3419,37936.1075936
27,41361.80000000000,0.09998140000,103.33400000000,85542.40000000000,200677.00000000000,684,3739.83000000000,20.15320000000,9.86472000000,3420,37937.1075936
28,41270.30000000000,0.09976040000,179.62400000000,85535.20000000000,200690.00000000000,742,3912.29000000000,21.86210000000,10.31960000000,3421,37938.1075936
29,41345.50000000000,0.09994200000,176.74700000000,85546.50000000000,200701.00000000000,708,3499.94000000000,20.86030000000,9.23196000000,3422,37939.1075936
30,41386.10000000000,0.10004000000,114.67800000000,85544.00000000000,200677.00000000000,699,3793.59000000000,20.59520000000,10.00650000000,3423,37940.1075936
31,41345.20000000000,0.09994150000,122.01500000000,85541.00000000000,200688.00000000000,764,3792.05000000000,22.51030000000,10.00250000000,3424,37941.1075936
32,41357.10000000000,0.09997020000,44.16360000000,85535.00000000000,200706.00000000000,626,3918.99000000000,18.44430000000,10.33730000000,3425,37942.1075936
33,41365.50000000000,0.09999050000,148.06300000000,85545.40000000000,200701.00000000000,677,3938.15000000000,19.94700000000,10.38780000000,3426,37943.1075936
34,41379.50000000000,0.10002400000,3.75026000000,85536.70000000000,200701.00000000000,710,3551.90000000000,20.91930000000,9.36903000000,3427,37944.1075936
35,41376.80000000000,0.10001800000,117.22900000000,85548.10000000000,200716.00000000000,686,3758.70000000000,20.21210000000,9.91451000000,3428,37945.1075936
36,41555.60000000000,0.10045000000,157.24300000000,85531.10000000000,200706.00000000000,717,3909.86000000000,21.12550000000,10.31320000000,3429,37946.1075936
37,41360.60000000000,0.09997860000,62.37940000000,85532.40000000000,200702.00000000000,601,3734.06000000000,17.70770000000,9.84952000000,3430,37947.1075936
38,41397.20000000000,0.10006700000,172.76800000000,85536.30000000000,200716.00000000000,678,3913.30000000000,19.97640000000,10.32230000000,3431,37948.1075936
39,41366.10000000000,0.09999190000,99.27870000000,85544.20000000000,200687.00000000000,685,3885.52000000000,20.18270000000,10.24900000000,3432,37949.1075936
40,41336.70000000000,0.09992080000,1.65919000000,85550.70000000000,200692.00000000000,711,4002.43000000000,20.94870000000,10.55740000000,3433,37950.1075936
41,41369.60000000000,0.10000000000,177.60200000000,85537.10000000000,200679.00000000000,688,3716.71000000000,20.27110000000,9.80374000000,3434,37951.1075936
42,41369.60000000000,0.10000000000,111.15500000000,85536.50000000000,200711.00000000000,673,3831.69000000000,19.82910000000,10.10700000000,3435,37952.1075936
43,41348.20000000000,0.09994870000,123.27400000000,85532.60000000000,200673.00000000000,708,3847.22000000000,20.86030000000,10.14800000000,3436,37953.1075936
44,41368.40000000000,0.09999750000,118.07400000000,85535.30000000000,200700.00000000000,743,3796.30000000000,21.89160000000,10.01370000000,3437,37954.1075936
45,41400.60000000000,0.10007500000,1.28708000000,85535.20000000000,200680.00000000000,708,3904.17000000000,20.86030000000,10.29820000000,3438,37955.1075936
46,41412.80000000000,0.10010500000,161.19800000000,85541.20000000000,200689.00000000000,723,3795.14000000000,21.30230000000,10.01060000000,3439,37956.1075936
47,41360.90000000000,0.09997930000,170.01500000000,85547.80000000000,200711.00000000000,752,3836.82000000000,22.15670000000,10.12060000000,3440,37957.1075936
48,41399.40000000000,0.10007200000,123.65300000000,85533.30000000000,200689.00000000000,696,3731.35000000000,20.50680000000,9.84237000000,3441,37958.1075936
49,41338.80000000000,0.09992590000,72.00600000000,85550.10000000000,200688.00000000000,695,3755.92000000000,20.47730000000,9.90717000000,3442,37959.1075936
50,41379.70000000000,0.10002500000,149.80200000000,85540.00000000000,200681.00000000000,735,3758.26000000000,21.65590000000,9.91334000000,3443,37960.1075936
51,41378.70000000000,0.10002200000,178.44400000000,85543.70000000000,200702.00000000000,686,3693.21000000000,20.21210000000,9.74176000000,3444,37961.1075936
52,41371.50000000000,0.10000500000,3.64565000000,85542.50000000000,200696.00000000000,686,3740.91000000000,20.21210000000,9.86759000000,3445,37962.1075936
53,41376.30000000000,0.10001700000,55.96340000000,85540.70000000000,200709.00000000000,630,3838.10000000000,18.56220000000,10.12390000000,3446,37963.1075936
54,41364.30000000000,0.09998760000,43.93810000000,85550.40000000000,200674.00000000000,690,3757.92000000000,20.33000000000,9.91245000000,3447,37964.1075936
55,41348.50000000000,0.09994930000,11.91590000000,85550.00000000000,200683.00000000000,654,3807.81000000000,19.26930000000,10.04400000000,3448,37965.1075936
56,41371.80000000000,0.10000600000,147.28400000000,85544.80000000000,200675.00000000000,680,3887.07000000000,20.03540000000,10.25310000000,3449,37966.1075936
57,41369.00000000000,0.09999880000,75.68800000000,85541.50000000000,200721.00000000000,667,3723.29000000000,19.65230000000,9.82112000000,3450,37967.1075936
58,41375.70000000000,0.10001500000,159.63300000000,85545.10000000000,200714.00000000000,678,3824.65000000000,19.97640000000,10.08850000000,3451,37968.1075936
59,41354.70000000000,0.09996430000,136.90700000000,85534.60000000000,200677.00000000000,678,3736.42000000000,19.97640000000,9.85574000000,3452,37969.1075936
60,41365.70000000000,0.09999090000,87.51780000000,85533.30000000000,200717.00000000000,690,3784.71000000000,20.33000000000,9.98312000000,3453,37970.1075936
61,41384.30000000000,0.10003600000,91.94580000000,85542.10000000000,200676.00000000000,649,3689.43000000000,19.12200000000,9.73180000000,3454,37971.1075936
62,41368.80000000000,0.09999860000,80.06720000000,85535.30000000000,200708.00000000000,605,3670.06000000000,17.82560000000,9.68069000000,3455,37972.1075936
63,41361.40000000000,0.09998050000,34.69900000000,85546.80000000000,200714.00000000000,634,3753.47000000000,18.68000000000,9.90070000000,3456,37973.1075936
64,41346.80000000000,0.09994530000,95.39680000000,85546.50000000000,200713.00000000000,638,3585.78000000000,18.79790000000,9.45838000000,3457,37974.1075936
65,41372.60000000000,0.10000800000,59.02970000000,85538.10000000000,200687.00000000000,608,3565.49000000000,17.91400000000,9.40487000000,3458,37975.1075936
66,41377.40000000000,0.10001900000,13.80350000000,85546.50000000000,200688.00000000000,690,3801.78000000000,20.33000000000,10.02810000000,3459,37976.1075936
67,41367.60000000000,0.09999550000,53.31940000000,85535.70000000000,200695.00000000000,616,3773.09000000000,18.14970000000,9.95248000000,3460,37977.1075936
68,41356.60000000000,0.09996910000,115.57300000000,85546.00000000000,200694.00000000000,735,3662.71000000000,21.65590000000,9.66131000000,3461,37978.1075936
69,41350.20000000000,0.09995350000,63.81190000000,85535.90000000000,200679.00000000000,611,3829.14000000000,18.00240000000,10.10030000000,3462,37979.1075936
70,41304.60000000000,0.09984330000,4.71915000000,85550.50000000000,200719.00000000000,689,3684.64000000000,20.30050000000,9.71916000000,3463,37980.1075936
71,41367.50000000000,0.09999520000,142.47700000000,85546.50000000000,200685.00000000000,697,3655.14000000000,20.53620000000,9.64135000000,3464,37981.1075936
72,41376.90000000000,0.10001800000,35.60010000000,85540.90000000000,200694.00000000000,621,3701.74000000000,18.29700000000,9.76425000000,3465,37982.1075936
73,41388.30000000000,0.10004600000,17.67980000000,85542.40000000000,200705.00000000000,655,3646.41000000000,19.29880000000,9.61832000000,3466,37983.1075936
74,41352.00000000000,0.09995780000,78.53280000000,85545.80000000000,200698.00000000000,628,3759.23000000000,18.50320000000,9.91590000000,3467,37984.1075936
75,41373.10000000000,0.10000900000,99.46560000000,85541.90000000000,200679.00000000000,690,3967.77000000000,20.33000000000,10.46600000000,3468,37985.1075936
76,41362.60000000000,0.09998350000,149.59100000000,85549.90000000000,200690.00000000000,687,3715.27000000000,20.24160000000,9.79995000000,3469,37986.1075936
77,41308.80000000000,0.09985350000,7.96842000000,85549.90000000000,200702.00000000000,667,3802.04000000000,19.65230000000,10.02880000000,3470,37987.1075936
78,41328.60000000000,0.09990130000,116.11600000000,85532.30000000000,200677.00000000000,707,3705.62000000000,20.83090000000,9.77450000000,3471,37988.1075936
79,41588.20000000000,0.10052900000,21.51330000000,85543.30000000000,200719.00000000000,696,3669.20000000000,20.50680000000,9.67844000000,3472,37989.1075936
80,41325.90000000000,0.09989470000,19.01890000000,85540.00000000000,200710.00000000000,681,3937.81000000000,20.06480000000,10.38700000000,3473,37990.1075936
81,41459.50000000000,0.10021800000,140.28900000000,85535.80000000000,200690.00000000000,711,3854.25000000000,20.94870000000,10.16650000000,3474,37991.1075936
82,41344.70000000000,0.09994030000,39.28790000000,85550.30000000000,200719.00000000000,652,3501.97000000000,19.21040000000,9.23732000000,3475,37992.1075936
83,41371.00000000000,0.10000400000,133.85900000000,85541.10000000000,200692.00000000000,739,3868.57000000000,21.77370000000,10.20430000000,3476,37993.1075936
84,41367.10000000000,0.09999420000,48.72750000000,85541.40000000000,200683.00000000000,670,3773.09000000000,19.74070000000,9.95246000000,3477,37994.1075936
85,41361.80000000000,0.09998160000,126.77100000000,85536.60000000000,200692.00000000000,696,3659.79000000000,20.50680000000,9.65361000000,3478,37995.1075936
86,41404.50000000000,0.10008500000,7.31852000000,85548.30000000000,200684.00000000000,681,3758.75000000000,20.06480000000,9.91465000000,3479,37996.1075936
87,41376.90000000000,0.10001800000,25.24120000000,85534.10000000000,200705.00000000000,687,3785.85000000000,20.24160000000,9.98612000000,3480,37997.1075936
88,41377.80000000000,0.10002000000,33.47890000000,85544.50000000000,200720.00000000000,676,3777.45000000000,19.91750000000,9.96397000000,3481,37998.1075936
89,41351.80000000000,0.09995730000,34.00610000000,85532.70000000000,200712.00000000000,693,3933.59000000000,20.41840000000,10.37580000000,3482,37999.1075936
90,41383.60000000000,0.10003400000,153.25200000000,85538.90000000000,200710.00000000000,708,3675.66000000000,20.86030000000,9.69546000000,3483,38000.1075936
91,41322.30000000000,0.09988590000,24.32570000000,85537.80000000000,200720.00000000000,643,3771.42000000000,18.94520000000,9.94807000000,3484,38001.1075936
92,41365.80000000000,0.09999130000,57.67970000000,85537.40000000000,200674.00000000000,593,3681.42000000000,17.47200000000,9.71067000000,3485,38002.1075936
93,41384.10000000000,0.10003600000,11.28670000000,85543.90000000000,200703.00000000000,658,3648.68000000000,19.38720000000,9.62430000000,3486,38003.1075936
94,41361.90000000000,0.09998170000,128.94800000000,85546.20000000000,200710.00000000000,691,3711.88000000000,20.35950000000,9.79100000000,3487,38004.1075936
95,41303.30000000000,0.09984020000,0.25151700000,85533.20000000000,200690.00000000000,733,3914.13000000000,21.59690000000,10.32450000000,3488,38005.1075936
96,41330.70000000000,0.09990650000,109.96500000000,85532.70000000000,200707.00000000000,701,3855.65000000000,20.65410000000,10.17020000000,3489,38006.1075936
97,41324.30000000000,0.09989090000,39.33480000000,85549.80000000000,200680.00000000000,650,3739.74000000000,19.15140000000,9.86449000000,3490,38007.1075936
98,41374.20000000000,0.10001200000,28.48860000000,85548.90000000000,200675.00000000000,671,3689.89000000000,19.77020000000,9.73302000000,3491,38008.1075936
99,41426.40000000000,0.10013800000,140.08800000000,85540.30000000000,200676.00000000000,711,3821.24000000000,20.94870000000,10.07950000000,3492,38009.1075936
100,41376.00000000000,0.10001600000,55.52850000000,85534.20000000000,200688.00000000000,576,3714.11000000000,16.97110000000,9.79688000000,3493,38010.1075936
101,41366.60000000000,0.09999310000,98.28420000000,85546.90000000000,200672.00000000000,747,3453.72000000000,22.00940000000,9.11006000000,3494,38011.1075936
102,41379.60000000000,0.10002500000,101.04800000000,85533.40000000000,200696.00000000000,746,3705.76000000000,21.98000000000,9.77486000000,3495,38012.1075936
103,41393.60000000000,0.10005900000,25.89530000000,85540.50000000000,200689.00000000000,628,3846.91000000000,18.50320000000,10.14720000000,3496,38013.1075936
104,41367.20000000000,0.09999460000,74.73690000000,85548.90000000000,200672.00000000000,701,3790.27000000000,20.65410000000,9.99778000000,3497,38014.1075936
105,41370.80000000000,0.10000300000,83.79030000000,85541.50000000000,200675.00000000000,653,3866.12000000000,19.23980000000,10.19790000000,3498,38015.1075936
106,41491.80000000000,0.10029600000,22.68970000000,85543.10000000000,200704.00000000000,588,3780.14000000000,17.32470000000,9.97107000000,3499,38016.1075936
107,41364.50000000000,0.09998810000,3.97930000000,85542.30000000000,200719.00000000000,690,3900.04000000000,20.33000000000,10.28730000000,3500,38017.1075936
108,41369.80000000000,0.10000100000,96.99570000000,85536.40000000000,200719.00000000000,729,3817.50000000000,21.47910000000,10.06960000000,3501,38018.1075936
109,41360.80000000000,0.09997900000,176.00700000000,85535.10000000000,200699.00000000000,674,3926.71000000000,19.85860000000,10.35770000000,3502,38019.1075936
110,41379.20000000000,0.10002400000,167.41900000000,85550.10000000000,200704.00000000000,691,3773.16000000000,20.35950000000,9.95266000000,3503,38020.1075936
111,41320.00000000000,0.09988040000,113.74400000000,85545.10000000000,200706.00000000000,676,3744.16000000000,19.91750000000,9.87616000000,3504,38021.1075936
112,41352.60000000000,0.09995930000,168.91300000000,85532.80000000000,200717.00000000000,700,3797.54000000000,20.62460000000,10.01700000000,3505,38022.1075936
113,41370.30000000000,0.10000200000,46.24840000000,85535.80000000000,200712.00000000000,619,3864.04000000000,18.23810000000,10.19240000000,3506,38023.1075936
114,41353.60000000000,0.09996170000,0.49081200000,85533.40000000000,200708.00000000000,654,3682.74000000000,19.26930000000,9.71416000000,3507,38024.1075936
115,41402.70000000000,0.10008000000,38.93810000000,85532.60000000000,200684.00000000000,717,4124.05000000000,21.12550000000,10.87820000000,3508,38025.1075936
116,41371.60000000000,0.10000500000,141.02200000000,85539.00000000000,200718.00000000000,693,3776.05000000000,20.41840000000,9.96028000000,3509,38026.1075936
117,41374.20000000000,0.10001200000,51.94940000000,85540.80000000000,200681.00000000000,617,3649.12000000000,18.17910000000,9.62546000000,3510,38027.1075936
118,41385.70000000000,0.10003900000,72.11120000000,85544.10000000000,200676.00000000000,624,3806.31000000000,18.38540000000,10.04010000000,3511,38028.1075936
119,41270.00000000000,0.09975950000,7.51842000000,85531.10000000000,200690.00000000000,657,3869.10000000000,19.35770000000,10.20570000000,3512,38029.1075936
120,41376.60000000000,0.10001700000,9.96161000000,85533.20000000000,200694.00000000000,699,3971.50000000000,20.59520000000,10.47580000000,3513,38030.1075936
121,41626.70000000000,0.10062200000,0.24011600000,85540.60000000000,200686.00000000000,686,3815.16000000000,20.21210000000,10.06340000000,3514,38031.1075936
122,41388.10000000000,0.10004500000,71.53520000000,85541.40000000000,200676.00000000000,631,3892.13000000000,18.59160000000,10.26650000000,3515,38032.1075936
123,41368.50000000000,0.09999770000,125.75300000000,85549.70000000000,200701.00000000000,706,3849.23000000000,20.80140000000,10.15330000000,3516,38033.1075936
124,41319.80000000000,0.09988010000,159.50900000000,85537.10000000000,200717.00000000000,703,3773.40000000000,20.71300000000,9.95329000000,3517,38034.1075936
125,41349.50000000000,0.09995180000,11.43380000000,85550.50000000000,200701.00000000000,663,3858.87000000000,19.53450000000,10.17870000000,3518,38035.1075936
126,41388.20000000000,0.10004500000,88.19260000000,85548.60000000000,200719.00000000000,662,3803.49000000000,19.50500000000,10.03270000000,3519,38036.1075936
127,41364.80000000000,0.09998870000,72.35540000000,85531.10000000000,200720.00000000000,703,3811.52000000000,20.71300000000,10.05380000000,3520,38037.1075936
128,41400.40000000000,0.10007500000,63.62810000000,85531.50000000000,200688.00000000000,645,3571.18000000000,19.00410000000,9.41988000000,3521,38038.1075936
129,41341.50000000000,0.09993240000,1.17905000000,85549.20000000000,200697.00000000000,709,3904.06000000000,20.88980000000,10.29790000000,3522,38039.1075936
130,41369.50000000000,0.10000000000,74.80530000000,85532.40000000000,200709.00000000000,670,3784.73000000000,19.74070000000,9.98316000000,3523,38040.1075936
131,41366.40000000000,0.09999280000,151.76900000000,85538.70000000000,200714.00000000000,676,3760.96000000000,19.91750000000,9.92046000000,3524,38041.1075936
132,41359.80000000000,0.09997660000,95.01920000000,85530.90000000000,200679.00000000000,682,3730.28000000000,20.09430000000,9.83954000000,3525,38042.1075936
133,41361.90000000000,0.09998170000,57.13770000000,85546.70000000000,200720.00000000000,603,3754.15000000000,17.76660000000,9.90251000000,3526,38043.1075936
134,41378.90000000000,0.10002300000,9.96479000000,85538.50000000000,200719.00000000000,707,3961.51000000000,20.83090000000,10.44950000000,3527,38044.1075936
135,41369.10000000000,0.09999910000,32.07430000000,85543.80000000000,200712.00000000000,681,3772.59000000000,20.06480000000,9.95116000000,3528,38045.1075936
136,41363.60000000000,0.09998600000,18.21690000000,85534.20000000000,200692.00000000000,674,3817.72000000000,19.85860000000,10.07020000000,3529,38046.1075936
137,41356.10000000000,0.09996780000,154.44600000000,85537.40000000000,200675.00000000000,733,3886.72000000000,21.59690000000,10.25220000000,3530,38047.1075936
138,41379.90000000000,0.10002500000,16.93390000000,85541.00000000000,200672.00000000000,627,3620.89000000000,18.47380000000,9.55101000000,3531,38048.1075936
139,41370.10000000000,0.10000200000,80.73290000000,85543.40000000000,200722.00000000000,636,3745.48000000000,18.73900000000,9.87964000000,3532,38049.1075936
140,41374.00000000000,0.10001100000,105.37900000000,85541.50000000000,200689.00000000000,707,3798.11000000000,20.83090000000,10.01850000000,3533,38050.1075936
141,41348.50000000000,0.09994930000,66.84800000000,85548.10000000000,200721.00000000000,606,3755.48000000000,17.85500000000,9.90603000000,3534,38051.1075936
142,41371.60000000000,0.10000500000,51.72160000000,85546.20000000000,200700.00000000000,621,3650.42000000000,18.29700000000,9.62889000000,3535,38052.1075936
143,41375.70000000000,0.10001500000,173.83300000000,85543.50000000000,200722.00000000000,686,3634.05000000000,20.21210000000,9.58572000000,3536,38053.1075936
144,41381.90000000000,0.10003000000,74.15430000000,85534.20000000000,200678.00000000000,648,3692.93000000000,19.09250000000,9.74102000000,3537,38054.1075936
145,41300.20000000000,0.09983250000,172.12900000000,85547.30000000000,200717.00000000000,720,3731.18000000000,21.21390000000,9.84192000000,3538,38055.1075936
146,41363.00000000000,0.09998440000,121.36300000000,85537.30000000000,200689.00000000000,742,3702.47000000000,21.86210000000,9.76618000000,3539,38056.1075936
147,41374.30000000000,0.10001200000,40.68330000000,85532.30000000000,200686.00000000000,641,3861.71000000000,18.88630000000,10.18620000000,3540,38057.1075936
148,41381.60000000000,0.10002900000,26.66290000000,85547.40000000000,200679.00000000000,604,3657.36000000000,17.79610000000,9.64720000000,3541,38058.1075936
149,41389.00000000000,0.10004700000,161.35900000000,85537.10000000000,200719.00000000000,733,3794.86000000000,21.59690000000,10.00990000000,3542,38059.1075936
150,41363.60000000000,0.09998600000,30.50750000000,85536.60000000000,200721.00000000000,616,3727.53000000000,18.14970000000,9.83230000000,3543,38060.1075936
151,41364.70000000000,0.09998850000,157.25900000000,85545.50000000000,200710.00000000000,756,3871.38000000000,22.27460000000,10.21170000000,3544,38061.1075936
152,41587.60000000000,0.10052700000,21.55630000000,85543.40000000000,200708.00000000000,666,3754.36000000000,19.62290000000,9.90306000000,3545,38062.1075936
153,41372.60000000000,0.10000800000,143.77300000000,85537.20000000000,200699.00000000000,724,3909.71000000000,21.33180000000,10.31280000000,3546,38063.1075936
154,41418.90000000000,0.10012000000,24.05390000000,85531.80000000000,200698.00000000000,655,3739.78000000000,19.29880000000,9.86461000000,3547,38064.1075936
155,41381.30000000000,0.10002900000,33.45020000000,85533.60000000000,200676.00000000000,607,3606.01000000000,17.88450000000,9.51175000000,3548,38065.1075936
156,41370.80000000000,0.10000300000,139.02500000000,85534.40000000000,200706.00000000000,720,3905.75000000000,21.21390000000,10.30240000000,3549,38066.1075936
157,41253.90000000000,0.09972070000,21.36970000000,85546.70000000000,200703.00000000000,633,3735.64000000000,18.65060000000,9.85369000000,3550,38067.1075936
158,41400.90000000000,0.10007600000,98.02620000000,85535.10000000000,200711.00000000000,740,3737.06000000000,21.80320000000,9.85742000000,3551,38068.1075936
159,41593.50000000000,0.10054200000,21.80330000000,85543.50000000000,200680.00000000000,658,3737.15000000000,19.38720000000,9.85767000000,3552,38069.1075936
160,41359.60000000000,0.09997630000,118.61900000000,85538.30000000000,200710.00000000000,713,3907.21000000000,21.00770000000,10.30620000000,3553,38070.1075936
161,41356.50000000000,0.09996870000,37.10110000000,85547.00000000000,200716.00000000000,621,3925.10000000000,18.29700000000,10.35340000000,3554,38071.1075936
162,41374.90000000000,0.10001300000,52.27050000000,85537.80000000000,200687.00000000000,673,3789.85000000000,19.82910000000,9.99667000000,3555,38072.1075936
163,41367.60000000000,0.09999570000,125.81700000000,85545.90000000000,200722.00000000000,693,3889.38000000000,20.41840000000,10.25920000000,3556,38073.1075936
164,41381.20000000000,0.10002800000,49.03250000000,85540.10000000000,200697.00000000000,632,3983.47000000000,18.62110000000,10.50740000000,3557,38074.1075936
165,41469.60000000000,0.10024200000,172.44000000000,85537.80000000000,200709.00000000000,711,3679.41000000000,20.94870000000,9.70537000000,3558,38075.1075936
166,41375.30000000000,0.10001400000,73.40180000000,85543.60000000000,200687.00000000000,695,3923.23000000000,20.47730000000,10.34850000000,3559,38076.1075936
167,41367.60000000000,0.09999560000,164.04700000000,85549.20000000000,200721.00000000000,692,3737.31000000000,20.38890000000,9.85808000000,3560,38077.1075936
168,41363.80000000000,0.09998640000,58.25230000000,85547.90000000000,200711.00000000000,632,3814.30000000000,18.62110000000,10.06120000000,3561,38078.1075936
169,41368.60000000000,0.09999790000,12.70650000000,85550.00000000000,200673.00000000000,716,3890.07000000000,21.09610000000,10.26100000000,3562,38079.1075936
170,41366.30000000000,0.09999230000,49.44500000000,85540.40000000000,200700.00000000000,664,3967.68000000000,19.56390000000,10.46570000000,3563,38080.1075936
171,41395.20000000000,0.10006200000,85.39340000000,85546.20000000000,200711.00000000000,645,3714.46000000000,19.00410000000,9.79781000000,3564,38081.1075936
172,41373.30000000000,0.10000900000,135.09200000000,85531.30000000000,200694.00000000000,729,3744.19000000000,21.47910000000,9.87625000000,3565,38082.1075936
173,41390.10000000000,0.10005000000,139.25500000000,85545.90000000000,200680.00000000000,703,3680.49000000000,20.71300000000,9.70822000000,3566,38083.1075936
174,41370.30000000000,0.10000200000,132.95600000000,85541.00000000000,200691.00000000000,686,3812.85000000000,20.21210000000,10.05740000000,3567,38084.1075936
175,41305.50000000000,0.09984540000,70.68340000000,85547.30000000000,200717.00000000000,613,3720.65000000000,18.06130000000,9.81414000000,3568,38085.1075936
176,41386.30000000000,0.10004100000,83.83890000000,85547.80000000000,200692.00000000000,594,3798.45000000000,17.50150000000,10.01940000000,3569,38086.1075936
177,41355.70000000000,0.09996680000,80.62930000000,85543.40000000000,200714.00000000000,676,4038.09000000000,19.91750000000,10.65150000000,3570,38087.1075936
178,41364.50000000000,0.09998820000,71.82180000000,85539.70000000000,200692.00000000000,667,3786.30000000000,19.65230000000,9.98730000000,3571,38088.1075936
179,41407.10000000000,0.10009100000,116.81000000000,85535.40000000000,200677.00000000000,700,3789.04000000000,20.62460000000,9.99453000000,3572,38089.1075936
180,41364.60000000000,0.09998820000,40.71270000000,85541.80000000000,200701.00000000000,660,3621.56000000000,19.44610000000,9.55277000000,3573,38090.1075936
181,41386.10000000000,0.10004000000,150.05700000000,85540.20000000000,200699.00000000000,727,3673.55000000000,21.42020000000,9.68990000000,3574,38091.1075936
182,41373.80000000000,0.10001100000,15.60730000000,85539.10000000000,200684.00000000000,640,3890.11000000000,18.85680000000,10.26110000000,3575,38092.1075936
183,41390.60000000000,0.10005100000,162.59400000000,85548.80000000000,200700.00000000000,716,4028.88000000000,21.09610000000,10.62720000000,3576,38093.1075936
184,41359.10000000000,0.09997490000,74.63090000000,85544.40000000000,200712.00000000000,648,3826.80000000000,19.09250000000,10.09420000000,3577,38094.1075936
185,41369.40000000000,0.09999990000,51.98640000000,85545.00000000000,200707.00000000000,668,3775.87000000000,19.68180000000,9.95979000000,3578,38095.1075936
186,41383.20000000000,0.10003300000,164.80200000000,85549.10000000000,200692.00000000000,710,3779.48000000000,20.91930000000,9.96931000000,3579,38096.1075936
187,41335.60000000000,0.09991820000,81.43570000000,85539.40000000000,200713.00000000000,688,3868.50000000000,20.27110000000,10.20410000000,3580,38097.1075936
188,41368.40000000000,0.09999750000,163.74800000000,85549.60000000000,200701.00000000000,752,3975.53000000000,22.15670000000,10.48640000000,3581,38098.1075936
189,41380.40000000000,0.10002600000,112.23200000000,85545.30000000000,200692.00000000000,695,3809.00000000000,20.47730000000,10.04720000000,3582,38099.1075936
190,41385.60000000000,0.10003900000,79.56710000000,85538.00000000000,200712.00000000000,634,3786.98000000000,18.68000000000,9.98910000000,3583,38100.1075936
191,41382.80000000000,0.10003200000,163.92900000000,85542.00000000000,200687.00000000000,723,3733.41000000000,21.30230000000,9.84779000000,3584,38101.1075936
192,41371.20000000000,0.10000400000,74.11060000000,85532.50000000000,200681.00000000000,685,3765.51000000000,20.18270000000,9.93247000000,3585,38102.1075936
193,41384.40000000000,0.10003600000,179.15500000000,85550.50000000000,200709.00000000000,723,3844.60000000000,21.30230000000,10.14110000000,3586,38103.1075936
194,41375.30000000000,0.10001400000,46.00610000000,85535.20000000000,200687.00000000000,612,3590.30000000000,18.03180000000,9.47031000000,3587,38104.1075936
195,41384.50000000000,0.10003600000,10.01400000000,85548.10000000000,200693.00000000000,639,3698.52000000000,18.82730000000,9.75577000000,3588,38105.1075936
196,41369.50000000000,0.10000000000,29.01720000000,85541.40000000000,200708.00000000000,692,3742.62000000000,20.38890000000,9.87208000000,3589,38106.1075936
197,41374.00000000000,0.10001100000,137.67600000000,85543.60000000000,200705.00000000000,738,3907.54000000000,21.74430000000,10.30710000000,3590,38107.1075936
198,41363.20000000000,0.09998500000,8.13083000000,85535.90000000000,200709.00000000000,723,3823.13000000000,21.30230000000,10.08450000000,3591,38108.1075936
199,41369.50000000000,0.10000000000,170.44100000000,85546.00000000000,200704.00000000000,686,3967.19000000000,20.21210000000,10.46450000000,3592,38109.1075936
200,41362.70000000000,0.09998370000,59.48040000000,85531.30000000000,200674.00000000000,663,3886.07000000000,19.53450000000,10.25050000000,3593,38110.1075936
201,41348.40000000000,0.09994920000,168.38200000000,85540.80000000000,200704.00000000000,717,3837.33000000000,21.12550000000,10.12190000000,3594,38111.1075936
202,41369.00000000000,0.09999890000,128.95400000000,85546.70000000000,200681.00000000000,671,3807.86000000000,19.77020000000,10.04420000000,3595,38112.1075936
203,41271.70000000000,0.09976370000,7.59779000000,85550.10000000000,200715.00000000000,694,3792.02000000000,20.44780000000,10.00240000000,3596,38113.1075936
204,41366.30000000000,0.09999230000,71.48420000000,85548.10000000000,200703.00000000000,633,3587.17000000000,18.65060000000,9.46205000000,3597,38114.1075936
205,41307.60000000000,0.09985050000,160.71300000000,85531.30000000000,200683.00000000000,720,3828.00000000000,21.21390000000,10.09730000000,3598,38115.1075936
206,41367.20000000000,0.09999460000,60.26350000000,85550.10000000000,200683.00000000000,640,3944.14000000000,18.85680000000,10.40370000000,3599,38116.1075936
207,41361.60000000000,0.09998100000,91.55890000000,85549.00000000000,200707.00000000000,645,3800.34000000000,19.00410000000,10.02430000000,3600,38117.1075936
208,41367.10000000000,0.09999440000,98.75180000000,85542.00000000000,200692.00000000000,705,3469.44000000000,20.77190000000,9.15152000000,3601,38118.1075936
209,41350.40000000000,0.09995400000,113.18300000000,85539.10000000000,200700.00000000000,736,3757.67000000000,21.68530000000,9.91180000000,3602,38119.1075936
210,41406.30000000000,0.10008900000,141.02200000000,85546.90000000000,200717.00000000000,714,3907.31000000000,21.03710000000,10.30650000000,3603,38120.1075936
211,41365.10000000000,0.09998940000,151.72300000000,85543.70000000000,200688.00000000000,733,3843.26000000000,21.59690000000,10.13760000000,3604,38121.1075936
212,41159.40000000000,0.09949230000,90.29500000000,85550.40000000000,200713.00000000000,695,3618.74000000000,20.47730000000,9.54533000000,3605,38122.1075936
213,41405.30000000000,0.10008700000,139.53800000000,85542.20000000000,200692.00000000000,716,3675.68000000000,21.09610000000,9.69552000000,3606,38123.1075936
214,41364.90000000000,0.09998910000,118.90500000000,85542.40000000000,200692.00000000000,664,3713.94000000000,19.56390000000,9.79643000000,3607,38124.1075936
215,41358.50000000000,0.09997340000,41.62940000000,85549.30000000000,200682.00000000000,583,3883.17000000000,17.17740000000,10.24280000000,3608,38125.1075936
216,41382.40000000000,0.10003100000,154.76700000000,85542.50000000000,200706.00000000000,715,3943.72000000000,21.06660000000,10.40260000000,3609,38126.1075936
217,41378.80000000000,0.10002300000,50.10500000000,85535.10000000000,200686.00000000000,649,3584.11000000000,19.12200000000,9.45399000000,3610,38127.1075936
218,41370.50000000000,0.10000200000,152.64600000000,85531.00000000000,200698.00000000000,676,3828.09000000000,19.91750000000,10.09750000000,3611,38128.1075936
219,41369.50000000000,0.10000000000,151.63900000000,85533.30000000000,200716.00000000000,737,3932.09000000000,21.71480000000,10.37190000000,3612,38129.1075936
220,41383.90000000000,0.10003500000,12.38660000000,85545.70000000000,200718.00000000000,644,3690.49000000000,18.97470000000,9.73460000000,3613,38130.1075936
221,41365.60000000000,0.09999060000,104.36700000000,85532.40000000000,200707.00000000000,682,3774.02000000000,20.09430000000,9.95491000000,3614,38131.1075936
222,41327.90000000000,0.09989950000,63.32890000000,85536.40000000000,200697.00000000000,636,3834.87000000000,18.73900000000,10.11540000000,3615,38132.1075936
223,41377.40000000000,0.10001900000,139.13600000000,85546.80000000000,200675.00000000000,684,3997.37000000000,20.15320000000,10.54410000000,3616,38133.1075936
224,41371.00000000000,0.10000400000,145.05800000000,85535.30000000000,200709.00000000000,688,3788.41000000000,20.27110000000,9.99289000000,3617,38134.1075936
225,41372.90000000000,0.10000800000,33.14480000000,85531.70000000000,200705.00000000000,637,3747.53000000000,18.76840000000,9.88504000000,3618,38135.1075936
226,41360.10000000000,0.09997740000,177.84900000000,85534.20000000000,200680.00000000000,663,3689.28000000000,19.53450000000,9.73140000000,3619,38136.1075936
227,41383.80000000000,0.10003500000,170.68200000000,85537.60000000000,200685.00000000000,721,3756.72000000000,21.24340000000,9.90928000000,3620,38137.1075936
228,41364.60000000000,0.09998820000,128.84100000000,85547.90000000000,200676.00000000000,716,3789.73000000000,21.09610000000,9.99637000000,3621,38138.1075936
229,41371.20000000000,0.10000400000,53.47190000000,85542.70000000000,200681.00000000000,627,3734.02000000000,18.47380000000,9.84940000000,3622,38139.1075936
230,41373.90000000000,0.10001100000,134.29400000000,85536.50000000000,200700.00000000000,738,3618.01000000000,21.74430000000,9.54340000000,3623,38140.1075936
231,41358.40000000000,0.09997320000,120.40300000000,85550.70000000000,200721.00000000000,703,3924.19000000000,20.71300000000,10.35100000000,3624,38141.1075936
232,41364.50000000000,0.09998810000,45.20660000000,85533.50000000000,200697.00000000000,658,3527.71000000000,19.38720000000,9.30522000000,3625,38142.1075936
233,41368.30000000000,0.09999720000,145.31800000000,85547.70000000000,200709.00000000000,713,3873.61000000000,21.00770000000,10.21760000000,3626,38143.1075936
234,41365.40000000000,0.09999030000,129.66300000000,85531.30000000000,200702.00000000000,745,3707.90000000000,21.95050000000,9.78052000000,3627,38144.1075936
235,41374.50000000000,0.10001200000,79.15410000000,85545.40000000000,200719.00000000000,657,3709.43000000000,19.35770000000,9.78453000000,3628,38145.1075936
236,41383.70000000000,0.10003400000,34.15220000000,85544.70000000000,200717.00000000000,633,3738.13000000000,18.65060000000,9.86024000000,3629,38146.1075936
237,41367.60000000000,0.09999550000,119.99500000000,85534.70000000000,200680.00000000000,690,3661.69000000000,20.33000000000,9.65863000000,3630,38147.1075936
238,41370.00000000000,0.10000100000,60.34170000000,85540.40000000000,200680.00000000000,647,3831.79000000000,19.06310000000,10.10730000000,3631,38148.1075936
239,41459.00000000000,0.10021700000,40.08450000000,85548.40000000000,200685.00000000000,590,4022.08000000000,17.38360000000,10.60920000000,3632,38149.1075936
240,41363.20000000000,0.09998480000,154.41400000000,85544.00000000000,200708.00000000000,707,3990.71000000000,20.83090000000,10.52650000000,3633,38150.1075936
241,41369.60000000000,0.10000000000,129.70100000000,85541.90000000000,200691.00000000000,675,3840.99000000000,19.88800000000,10.13160000000,3634,38151.1075936
242,41355.70000000000,0.09996680000,78.35360000000,85546.10000000000,200701.00000000000,645,3595.04000000000,19.00410000000,9.48281000000,3635,38152.1075936
243,41365.10000000000,0.09998950000,98.08190000000,85539.70000000000,200721.00000000000,691,3906.14000000000,20.35950000000,10.30340000000,3636,38153.1075936
244,41348.30000000000,0.09994900000,58.10490000000,85549.70000000000,200695.00000000000,710,3845.27000000000,20.91930000000,10.14290000000,3637,38154.1075936
245,41365.40000000000,0.09999020000,174.33800000000,85548.60000000000,200703.00000000000,748,3588.10000000000,22.03890000000,9.46451000000,3638,38155.1075936
246,41369.90000000000,0.10000100000,14.67650000000,85541.20000000000,200682.00000000000,733,3905.97000000000,21.59690000000,10.30300000000,3639,38156.1075936
247,41371.70000000000,0.10000500000,86.86440000000,85538.40000000000,200681.00000000000,639,3916.58000000000,18.82730000000,10.33100000000,3640,38157.1075936
248,41363.40000000000,0.09998550000,82.84600000000,85549.20000000000,200722.00000000000,646,3865.15000000000,19.03360000000,10.19530000000,3641,38158.1075936
249,41379.50000000000,0.10002400000,16.28470000000,85547.30000000000,200697.00000000000,638,3678.19000000000,18.79790000000,9.70215000000,3642,38159.1075936
250,41368.70000000000,0.09999820000,165.55500000000,85534.40000000000,200704.00000000000,690,3746.23000000000,20.33000000000,9.88163000000,3643,38160.1075936
251,41415.00000000000,0.10011000000,96.92630000000,85543.80000000000,200707.00000000000,622,3694.48000000000,18.32650000000,9.74511000000,3644,38161.1075936
252,41360.30000000000,0.09997800000,138.45100000000,85548.90000000000,200680.00000000000,702,3786.06000000000,20.68360000000,9.98668000000,3645,38162.1075936
253,41367.80000000000,0.09999610000,4.32790000000,85535.80000000000,200687.00000000000,678,3909.87000000000,19.97640000000,10.31330000000,3646,38163.1075936
254,41374.90000000000,0.10001300000,62.08540000000,85544.50000000000,200687.00000000000,617,3584.14000000000,18.17910000000,9.45407000000,3647,38164.1075936
255,41374.20000000000,0.10001200000,82.75310000000,85546.30000000000,200699.00000000000,651,3790.59000000000,19.18090000000,9.99863000000,3648,38165.1075936
256,41374.20000000000,0.10001100000,159.83500000000,85544.80000000000,200714.00000000000,688,3822.50000000000,20.27110000000,10.08280000000,3649,38166.1075936
257,41360.20000000000,0.09997770000,101.93200000000,85532.80000000000,200689.00000000000,723,3953.06000000000,21.30230000000,10.42720000000,3650,38167.1075936
258,41354.80000000000,0.09996460000,64.31700000000,85535.60000000000,200703.00000000000,647,3775.13000000000,19.06310000000,9.95784000000,3651,38168.1075936
259,41370.30000000000,0.10000200000,144.23700000000,85546.40000000000,200691.00000000000,724,3684.38000000000,21.33180000000,9.71846000000,3652,38169.1075936
260,41371.80000000000,0.10000600000,154.69200000000,85541.60000000000,200685.00000000000,737,4048.90000000000,21.71480000000,10.68000000000,3653,38170.1075936
261,41307.50000000000,0.09985020000,82.46000000000,85536.20000000000,200702.00000000000,668,3822.91000000000,19.68180000000,10.08390000000,3654,38171.1075936
262,41357.00000000000,0.09997000000,117.24000000000,85531.10000000000,200682.00000000000,684,3601.58000000000,20.15320000000,9.50007000000,3655,38172.1075936
263,41365.00000000000,0.09998930000,120.40900000000,85534.30000000000,200711.00000000000,672,3612.95000000000,19.79960000000,9.53006000000,3656,38173.1075936
264,41358.60000000000,0.09997370000,70.29650000000,85537.20000000000,200712.00000000000,652,3946.76000000000,19.21040000000,10.41060000000,3657,38174.1075936
265,41374.70000000000,0.10001300000,122.10000000000,85542.80000000000,200693.00000000000,695,3823.51000000000,20.47730000000,10.08550000000,3658,38175.1075936
266,41372.00000000000,0.10000600000,108.58800000000,85539.00000000000,200685.00000000000,668,3825.80000000000,19.68180000000,10.09150000000,3659,38176.1075936
267,41371.70000000000,0.10000600000,152.36000000000,85540.60000000000,200692.00000000000,757,3686.94000000000,22.30410000000,9.72524000000,3660,38177.1075936
268,41371.50000000000,0.10000500000,132.06700000000,85541.20000000000,200712.00000000000,733,3815.61000000000,21.59690000000,10.06460000000,3661,38178.1075936
269,41288.90000000000,0.09980530000,7.45961000000,85549.70000000000,200677.00000000000,676,3701.02000000000,19.91750000000,9.76238000000,3662,38179.1075936
270,41348.80000000000,0.09995020000,55.06130000000,85535.30000000000,200699.00000000000,628,3867.83000000000,18.50320000000,10.20240000000,3663,38180.1075936
271,41370.20000000000,0.10000200000,75.80010000000,85549.50000000000,200702.00000000000,611,3660.92000000000,18.00240000000,9.65660000000,3664,38181.1075936
272,41392.10000000000,0.10005500000,17.28650000000,85537.60000000000,200678.00000000000,659,3879.19000000000,19.41660000000,10.23230000000,3665,38182.1075936
273,41368.90000000000,0.09999880000,149.21500000000,85550.30000000000,200714.00000000000,713,3789.25000000000,21.00770000000,9.99509000000,3666,38183.1075936
274,41393.50000000000,0.10005800000,88.16020000000,85536.90000000000,200678.00000000000,584,3979.26000000000,17.20680000000,10.49630000000,3667,38184.1075936
275,41363.20000000000,0.09998500000,5.23197000000,85541.00000000000,200682.00000000000,729,3889.99000000000,21.47910000000,10.26080000000,3668,38185.1075936
276,41359.70000000000,0.09997640000,32.01520000000,85539.10000000000,200674.00000000000,632,3808.85000000000,18.62110000000,10.04680000000,3669,38186.1075936
277,41385.40000000000,0.10003900000,38.34480000000,85549.30000000000,200692.00000000000,649,3885.51000000000,19.12200000000,10.24900000000,3670,38187.1075936
278,41366.10000000000,0.09999190000,30.73200000000,85541.50000000000,200702.00000000000,627,3826.86000000000,18.47380000000,10.09430000000,3671,38188.1075936
279,41346.40000000000,0.09994420000,161.40100000000,85530.90000000000,200717.00000000000,706,3776.96000000000,20.80140000000,9.96267000000,3672,38189.1075936
280,41348.70000000000,0.09994990000,49.89740000000,85541.60000000000,200678.00000000000,607,3876.88000000000,17.88450000000,10.22620000000,3673,38190.1075936
281,41370.30000000000,0.10000200000,73.33630000000,85534.60000000000,200709.00000000000,602,3697.88000000000,17.73720000000,9.75408000000,3674,38191.1075936
282,41358.90000000000,0.09997460000,103.74200000000,85550.60000000000,200699.00000000000,699,3783.87000000000,20.59520000000,9.98089000000,3675,38192.1075936
283,41371.90000000000,0.10000600000,56.83070000000,85535.60000000000,200713.00000000000,654,3734.33000000000,19.26930000000,9.85023000000,3676,38193.1075936
284,41370.40000000000,0.10000200000,14.83030000000,85535.80000000000,200718.00000000000,625,3782.01000000000,18.41490000000,9.97600000000,3677,38194.1075936
285,41453.00000000000,0.10020200000,89.44570000000,85538.40000000000,200696.00000000000,680,3814.09000000000,20.03540000000,10.06060000000,3678,38195.1075936
286,41368.20000000000,0.09999690000,139.26900000000,85546.30000000000,200705.00000000000,711,3658.72000000000,20.94870000000,9.65079000000,3679,38196.1075936
287,41365.80000000000,0.09999130000,52.85290000000,85536.40000000000,200691.00000000000,690,3752.09000000000,20.33000000000,9.89708000000,3680,38197.1075936
288,41374.10000000000,0.10001100000,49.53600000000,85533.60000000000,200687.00000000000,674,3716.87000000000,19.85860000000,9.80418000000,3681,38198.1075936
289,41420.60000000000,0.10012400000,24.23560000000,85534.10000000000,200673.00000000000,688,3697.43000000000,20.27110000000,9.75290000000,3682,38199.1075936
290,41356.40000000000,0.09996850000,136.96500000000,85533.40000000000,200675.00000000000,675,3648.14000000000,19.88800000000,9.62288000000,3683,38200.1075936
291,41341.70000000000,0.09993300000,96.13320000000,85531.30000000000,200715.00000000000,673,3707.22000000000,19.82910000000,9.77872000000,3684,38201.1075936
292,41358.60000000000,0.09997380000,145.45200000000,85539.60000000000,200696.00000000000,678,3771.81000000000,19.97640000000,9.94908000000,3685,38202.1075936
293,41385.60000000000,0.10003900000,124.65600000000,85539.90000000000,200715.00000000000,707,3775.97000000000,20.83090000000,9.96006000000,3686,38203.1075936
294,41368.90000000000,0.09999870000,71.28240000000,85534.30000000000,200703.00000000000,687,3835.05000000000,20.24160000000,10.11590000000,3687,38204.1075936
295,41378.20000000000,0.10002100000,142.51500000000,85533.90000000000,200703.00000000000,654,3764.20000000000,19.26930000000,9.92902000000,3688,38205.1075936
296,41369.00000000000,0.09999880000,128.63100000000,85545.50000000000,200713.00000000000,705,3819.82000000000,20.77190000000,10.07570000000,3689,38206.1075936
297,41365.30000000000,0.09998990000,118.13900000000,85537.20000000000,200710.00000000000,692,3785.85000000000,20.38890000000,9.98613000000,3690,38207.1075936
298,41336.80000000000,0.09992100000,8.55996000000,85547.50000000000,200689.00000000000,651,3724.81000000000,19.18090000000,9.82512000000,3691,38208.1075936
299,41364.20000000000,0.09998730000,104.06700000000,85550.80000000000,200705.00000000000,743,3691.05000000000,21.89160000000,9.73607000000,3692,38209.1075936
300,41366.40000000000,0.09999250000,76.91110000000,85550.70000000000,200679.00000000000,642,3730.61000000000,18.91570000000,9.84040000000,3693,38210.1075936
301,41364.70000000000,0.09998850000,86.29840000000,85550.60000000000,200710.00000000000,682,3784.80000000000,20.09430000000,9.98334000000,3694,38211.1075936
302,41370.50000000000,0.10000300000,58.88520000000,85538.20000000000,200677.00000000000,679,3814.26000000000,20.00590000000,10.06100000000,3695,38212.1075936
303,41375.30000000000,0.10001400000,167.33300000000,85548.30000000000,200694.00000000000,690,3804.63000000000,20.33000000000,10.03570000000,3696,38213.1075936
304,41379.70000000000,0.10002500000,56.91220000000,85549.60000000000,200701.00000000000,642,3852.34000000000,18.91570000000,10.16150000000,3697,38214.1075936
305,41374.90000000000,0.10001300000,61.47330000000,85539.50000000000,200678.00000000000,614,3886.97000000000,18.09070000000,10.25290000000,3698,38215.1075936
306,41231.60000000000,0.09966690000,111.09800000000,85542.80000000000,200676.00000000000,734,3965.75000000000,21.62640000000,10.46060000000,3699,38216.1075936
307,41365.90000000000,0.09999140000,139.48400000000,85543.20000000000,200688.00000000000,729,3671.60000000000,21.47910000000,9.68476000000,3700,38217.1075936
308,41373.30000000000,0.10000900000,77.62910000000,85550.00000000000,200673.00000000000,613,3547.71000000000,18.06130000000,9.35797000000,3701,38218.1075936
309,41373.70000000000,0.10001000000,47.26370000000,85531.00000000000,200704.00000000000,638,3711.24000000000,18.79790000000,9.78931000000,3702,38219.1075936
310,41377.70000000000,0.10002000000,150.16200000000,85538.10000000000,200677.00000000000,751,3654.31000000000,22.12730000000,9.63916000000,3703,38220.1075936
311,41104.00000000000,0.09935830000,111.66700000000,85550.40000000000,200679.00000000000,690,3848.13000000000,20.33000000000,10.15040000000,3704,38221.1075936
312,41376.20000000000,0.10001600000,12.62890000000,85534.00000000000,200674.00000000000,669,3828.97000000000,19.71130000000,10.09990000000,3705,38222.1075936
313,41369.80000000000,0.10000100000,163.51100000000,85543.00000000000,200698.00000000000,698,3878.09000000000,20.56570000000,10.22940000000,3706,38223.1075936
314,41364.50000000000,0.09998800000,107.79200000000,85539.50000000000,200701.00000000000,711,3869.46000000000,20.94870000000,10.20670000000,3707,38224.1075936
315,41369.10000000000,0.09999910000,106.31000000000,85538.20000000000,200683.00000000000,703,3886.70000000000,20.71300000000,10.25210000000,3708,38225.1075936
316,41489.30000000000,0.10029000000,7.52330000000,85547.70000000000,200712.00000000000,666,3717.96000000000,19.62290000000,9.80704000000,3709,38226.1075936
317,41366.10000000000,0.09999180000,53.48290000000,85536.20000000000,200712.00000000000,656,3781.96000000000,19.32820000000,9.97587000000,3710,38227.1075936
318,41373.10000000000,0.10000900000,60.44320000000,85536.90000000000,200706.00000000000,647,3754.89000000000,19.06310000000,9.90445000000,3711,38228.1075936
319,41379.20000000000,0.10002400000,135.50400000000,85545.20000000000,200718.00000000000,739,3839.59000000000,21.77370000000,10.12790000000,3712,38229.1075936
320,41340.40000000000,0.09992970000,56.62940000000,85539.60000000000,200705.00000000000,685,3810.49000000000,20.18270000000,10.05110000000,3713,38230.1075936
321,41518.70000000000,0.10036100000,22.22180000000,85537.60000000000,200706.00000000000,686,3901.55000000000,20.21210000000,10.29130000000,3714,38231.1075936
322,41326.60000000000,0.09989650000,113.05900000000,85547.60000000000,200694.00000000000,660,3806.96000000000,19.44610000000,10.04180000000,3715,38232.1075936
323,41632.80000000000,0.10063700000,111.73300000000,85534.30000000000,200686.00000000000,688,3844.38000000000,20.27110000000,10.14050000000,3716,38233.1075936
324,41378.30000000000,0.10002200000,54.02410000000,85531.60000000000,200699.00000000000,597,3854.10000000000,17.58990000000,10.16610000000,3717,38234.1075936
325,41362.60000000000,0.09998350000,88.34690000000,85535.20000000000,200708.00000000000,675,3772.66000000000,19.88800000000,9.95134000000,3718,38235.1075936
326,41371.10000000000,0.10000400000,15.36000000000,85542.90000000000,200711.00000000000,697,3928.88000000000,20.53620000000,10.36340000000,3719,38236.1075936
327,41373.60000000000,0.10001000000,145.30200000000,85546.90000000000,200684.00000000000,720,3799.99000000000,21.21390000000,10.02340000000,3720,38237.1075936
328,41356.90000000000,0.09996960000,131.03500000000,85548.10000000000,200720.00000000000,719,3997.36000000000,21.18440000000,10.54400000000,3721,38238.1075936
329,41379.90000000000,0.10002500000,3.09381000000,85541.40000000000,200699.00000000000,691,3639.19000000000,20.35950000000,9.59926000000,3722,38239.1075936
330,41382.90000000000,0.10003300000,79.23880000000,85540.30000000000,200678.00000000000,678,3725.29000000000,19.97640000000,9.82639000000,3723,38240.1075936
331,41355.30000000000,0.09996590000,79.35300000000,85533.00000000000,200708.00000000000,618,3868.31000000000,18.20860000000,10.20360000000,3724,38241.1075936
332,41379.80000000000,0.10002500000,25.79260000000,85536.80000000000,200716.00000000000,647,3744.87000000000,19.06310000000,9.87804000000,3725,38242.1075936
333,41331.30000000000,0.09990790000,20.31750000000,85548.20000000000,200689.00000000000,648,3733.44000000000,19.09250000000,9.84788000000,3726,38243.1075936
334,41444.80000000000,0.10018200000,139.89100000000,85532.10000000000,200704.00000000000,730,3829.19000000000,21.50850000000,10.10050000000,3727,38244.1075936
335,41373.30000000000,0.10000900000,128.06300000000,85545.00000000000,200675.00000000000,672,3758.66000000000,19.79960000000,9.91439000000,3728,38245.1075936
336,41361.80000000000,0.09998150000,102.95300000000,85539.10000000000,200673.00000000000,680,3798.26000000000,20.03540000000,10.01880000000,3729,38246.1075936
337,41370.00000000000,0.10000100000,104.26600000000,85542.90000000000,200682.00000000000,667,3739.26000000000,19.65230000000,9.86324000000,3730,38247.1075936
338,41378.20000000000,0.10002100000,143.65900000000,85540.90000000000,200711.00000000000,707,3709.69000000000,20.83090000000,9.78523000000,3731,38248.1075936
339,41366.10000000000,0.09999180000,85.16310000000,85542.00000000000,200674.00000000000,624,3803.65000000000,18.38540000000,10.03310000000,3732,38249.1075936
340,41368.60000000000,0.09999810000,118.21100000000,85538.70000000000,200703.00000000000,755,3778.29000000000,22.24510000000,9.96618000000,3733,38250.1075936
341,41375.60000000000,0.10001500000,34.78880000000,85540.00000000000,200720.00000000000,676,3713.92000000000,19.91750000000,9.79638000000,3734,38251.1075936
342,41366.50000000000,0.09999290000,14.47460000000,85545.40000000000,200697.00000000000,687,3796.48000000000,20.24160000000,10.01420000000,3735,38252.1075936
343,41385.50000000000,0.10003900000,160.03800000000,85538.80000000000,200708.00000000000,720,3792.05000000000,21.21390000000,10.00250000000,3736,38253.1075936
344,41378.10000000000,0.10002100000,81.91440000000,85536.00000000000,200708.00000000000,614,3741.01000000000,18.09070000000,9.86784000000,3737,38254.1075936
345,41404.20000000000,0.10008400000,26.35290000000,85544.10000000000,200679.00000000000,671,3879.37000000000,19.77020000000,10.23280000000,3738,38255.1075936
346,41334.30000000000,0.09991510000,4.35111000000,85535.10000000000,200678.00000000000,666,3918.04000000000,19.62290000000,10.33480000000,3739,38256.1075936
347,41374.10000000000,0.10001100000,164.28300000000,85542.20000000000,200697.00000000000,687,3835.52000000000,20.24160000000,10.11710000000,3740,38257.1075936
348,41331.90000000000,0.09990920000,157.00700000000,85545.00000000000,200722.00000000000,677,3729.06000000000,19.94700000000,9.83634000000,3741,38258.1075936
349,41371.20000000000,0.10000400000,30.19450000000,85547.40000000000,200689.00000000000,636,3813.75000000000,18.73900000000,10.05970000000,3742,38259.1075936
350,41385.00000000000,0.10003800000,62.81030000000,85549.80000000000,200702.00000000000,650,3594.46000000000,19.15140000000,9.48129000000,3743,38260.1075936
351,41367.70000000000,0.09999580000,150.07200000000,85543.70000000000,200678.00000000000,691,3800.66000000000,20.35950000000,10.02520000000,3744,38261.1075936
352,41392.90000000000,0.10005700000,79.68340000000,85531.10000000000,200716.00000000000,712,3896.18000000000,20.97820000000,10.27720000000,3745,38262.1075936
353,41366.90000000000,0.09999380000,98.86490000000,85538.00000000000,200714.00000000000,660,3668.39000000000,19.44610000000,9.67630000000,3746,38263.1075936
354,41644.00000000000,0.10066400000,21.31320000000,85540.70000000000,200699.00000000000,666,3775.97000000000,19.62290000000,9.96007000000,3747,38264.1075936
355,41602.60000000000,0.10056400000,67.62640000000,85541.00000000000,200698.00000000000,585,4046.80000000000,17.23630000000,10.67440000000,3748,38265.1075936
356,41354.80000000000,0.09996470000,37.17240000000,85536.00000000000,200678.00000000000,670,3872.80000000000,19.74070000000,10.21550000000,3749,38266.1075936
357,41372.50000000000,0.10000800000,117.70000000000,85540.70000000000,200689.00000000000,700,3599.84000000000,20.62460000000,9.49547000000,3750,38267.1075936
358,41650.40000000000,0.10067900000,21.62940000000,85540.90000000000,200698.00000000000,659,3780.12000000000,19.41660000000,9.97102000000,3751,38268.1075936
359,41373.00000000000,0.10000900000,110.04700000000,85549.00000000000,200720.00000000000,719,3860.12000000000,21.18440000000,10.18200000000,3752,38269.1075936
360,41373.80000000000,0.10001100000,174.01800000000,85545.80000000000,200693.00000000000,692,3972.21000000000,20.38890000000,10.47770000000,3753,38270.1075936
361,41369.30000000000,0.09999960000,117.14100000000,85538.50000000000,200674.00000000000,675,3888.97000000000,19.88800000000,10.25810000000,3754,38271.1075936
362,41368.90000000000,0.09999860000,90.83530000000,85535.50000000000,200708.00000000000,650,3724.49000000000,19.15140000000,9.82427000000,3755,38272.1075936
363,41373.20000000000,0.10000900000,149.01400000000,85549.00000000000,200687.00000000000,676,3776.57000000000,19.91750000000,9.96164000000,3756,38273.1075936
364,41351.60000000000,0.09995690000,136.78800000000,85543.60000000000,200703.00000000000,686,3832.09000000000,20.21210000000,10.10810000000,3757,38274.1075936
365,41361.10000000000,0.09997980000,152.64800000000,85530.90000000000,200692.00000000000,708,3811.48000000000,20.86030000000,10.05370000000,3758,38275.1075936
366,41414.70000000000,0.10010900000,155.92500000000,85542.20000000000,200688.00000000000,747,3693.87000000000,22.00940000000,9.74351000000,3759,38276.1075936
367,41372.10000000000,0.10000600000,73.00300000000,85539.80000000000,200684.00000000000,638,3804.74000000000,18.79790000000,10.03600000000,3760,38277.1075936
368,41368.30000000000,0.09999730000,27.20020000000,85540.80000000000,200719.00000000000,662,3914.40000000000,19.50500000000,10.32520000000,3761,38278.1075936
369,41392.00000000000,0.10005400000,122.10000000000,85540.90000000000,200715.00000000000,694,3877.42000000000,20.44780000000,10.22770000000,3762,38279.1075936
370,41365.50000000000,0.09999050000,165.72200000000,85531.10000000000,200711.00000000000,689,3706.29000000000,20.30050000000,9.77628000000,3763,38280.1075936
371,41369.30000000000,0.09999960000,81.06030000000,85545.10000000000,200692.00000000000,683,3980.27000000000,20.12370000000,10.49900000000,3764,38281.1075936
372,41375.50000000000,0.10001500000,74.01180000000,85533.00000000000,200709.00000000000,653,3694.11000000000,19.23980000000,9.74414000000,3765,38282.1075936
373,41379.20000000000,0.10002400000,149.93500000000,85537.40000000000,200691.00000000000,735,3837.45000000000,21.65590000000,10.12220000000,3766,38283.1075936
374,41387.10000000000,0.10004300000,5.93630000000,85546.60000000000,200677.00000000000,705,3701.47000000000,20.77190000000,9.76355000000,3767,38284.1075936
375,41405.30000000000,0.10008700000,110.69500000000,85537.60000000000,200721.00000000000,720,3728.37000000000,21.21390000000,9.83450000000,3768,38285.1075936
376,41348.40000000000,0.09994910000,160.40000000000,85547.40000000000,200682.00000000000,716,3753.72000000000,21.09610000000,9.90138000000,3769,38286.1075936
377,41390.50000000000,0.10005100000,117.08300000000,85544.40000000000,200678.00000000000,695,3845.41000000000,20.47730000000,10.14320000000,3770,38287.1075936
378,41370.70000000000,0.10000300000,52.93700000000,85548.60000000000,200709.00000000000,631,3866.73000000000,18.59160000000,10.19950000000,3771,38288.1075936
379,41370.40000000000,0.10000200000,118.13100000000,85537.80000000000,200716.00000000000,723,3913.51000000000,21.30230000000,10.32280000000,3772,38289.1075936
380,41365.80000000000,0.09999120000,49.51990000000,85538.10000000000,200697.00000000000,589,3879.78000000000,17.35420000000,10.23390000000,3773,38290.1075936
381,41400.30000000000,0.10007500000,7.22995000000,85539.60000000000,200676.00000000000,693,3789.61000000000,20.41840000000,9.99604000000,3774,38291.1075936
382,41366.30000000000,0.09999230000,125.95200000000,85547.20000000000,200683.00000000000,662,3804.64000000000,19.50500000000,10.03570000000,3775,38292.1075936
383,41382.20000000000,0.10003100000,3.37100000000,85537.50000000000,200685.00000000000,689,3902.13000000000,20.30050000000,10.29280000000,3776,38293.1075936
384,41380.10000000000,0.10002600000,47.09490000000,85542.20000000000,200718.00000000000,631,3777.02000000000,18.59160000000,9.96282000000,3777,38294.1075936
385,41382.90000000000,0.10003300000,101.02100000000,85535.20000000000,200677.00000000000,728,3706.63000000000,21.44960000000,9.77715000000,3778,38295.1075936
386,41376.20000000000,0.10001600000,144.88000000000,85535.20000000000,200706.00000000000,754,3804.48000000000,22.21570000000,10.03530000000,3779,38296.1075936
387,41368.70000000000,0.09999820000,55.96760000000,85532.10000000000,200720.00000000000,649,3749.91000000000,19.12200000000,9.89131000000,3780,38297.1075936
388,41377.80000000000,0.10002000000,117.72600000000,85540.80000000000,200713.00000000000,696,3767.86000000000,20.50680000000,9.93867000000,3781,38298.1075936
389,41368.50000000000,0.09999770000,54.69640000000,85533.30000000000,200683.00000000000,651,3747.04000000000,19.18090000000,9.88375000000,3782,38299.1075936
390,41378.10000000000,0.10002100000,31.87050000000,85540.80000000000,200712.00000000000,680,3905.38000000000,20.03540000000,10.30140000000,3783,38300.1075936
391,41351.70000000000,0.09995710000,175.44300000000,85533.60000000000,200677.00000000000,741,3751.84000000000,21.83260000000,9.89642000000,3784,38301.1075936
392,41364.40000000000,0.09998780000,143.04700000000,85535.30000000000,200721.00000000000,667,3660.63000000000,19.65230000000,9.65581000000,3785,38302.1075936
393,41366.00000000000,0.09999160000,129.26700000000,85545.50000000000,200675.00000000000,693,3782.69000000000,20.41840000000,9.97780000000,3786,38303.1075936
394,41369.70000000000,0.10000100000,18.03250000000,85546.30000000000,200691.00000000000,738,3780.20000000000,21.74430000000,9.97123000000,3787,38304.1075936
395,41502.10000000000,0.10032100000,90.15630000000,85536.10000000000,200705.00000000000,669,3769.03000000000,19.71130000000,9.94175000000,3788,38305.1075936
396,41420.70000000000,0.10012400000,65.91430000000,85542.50000000000,200708.00000000000,612,3769.24000000000,18.03180000000,9.94232000000,3789,38306.1075936
397,41389.10000000000,0.10004700000,79.66160000000,85548.90000000000,200719.00000000000,645,3619.20000000000,19.00410000000,9.54654000000,3790,38307.1075936
398,41366.40000000000,0.09999260000,107.49900000000,85539.90000000000,200712.00000000000,661,3671.18000000000,19.47550000000,9.68364000000,3791,38308.1075936
399,41372.50000000000,0.10000700000,13.42420000000,85531.30000000000,200716.00000000000,666,3819.78000000000,19.62290000000,10.07560000000,3792,38309.1075936
400,41373.60000000000,0.10001000000,77.13310000000,85549.30000000000,200684.00000000000,680,3791.07000000000,20.03540000000,9.99990000000,3793,38310.1075936
401,41355.90000000000,0.09996740000,44.73090000000,85536.40000000000,200700.00000000000,710,3769.00000000000,20.91930000000,9.94169000000,3794,38311.1075936
402,41373.00000000000,0.10000900000,36.56240000000,85536.10000000000,200721.00000000000,630,3603.27000000000,18.56220000000,9.50451000000,3795,38312.1075936
403,41367.60000000000,0.09999550000,41.47080000000,85537.50000000000,200713.00000000000,607,3936.26000000000,17.88450000000,10.38290000000,3796,38313.1075936
404,41363.60000000000,0.09998590000,126.27000000000,85545.60000000000,200714.00000000000,743,3648.83000000000,21.89160000000,9.62469000000,3797,38314.1075936
405,41364.80000000000,0.09998870000,121.09100000000,85543.00000000000,200720.00000000000,647,3618.54000000000,19.06310000000,9.54480000000,3798,38315.1075936
406,41366.30000000000,0.09999240000,13.00430000000,85539.60000000000,200677.00000000000,661,3774.91000000000,19.47550000000,9.95726000000,3799,38316.1075936
407,41376.50000000000,0.10001700000,55.86340000000,85540.10000000000,200714.00000000000,634,3899.71000000000,18.68000000000,10.28650000000,3800,38317.1075936
408,41362.10000000000,0.09998220000,53.12720000000,85550.10000000000,200703.00000000000,654,3758.95000000000,19.26930000000,9.91517000000,3801,38318.1075936
409,41364.30000000000,0.09998750000,53.68900000000,85532.50000000000,200712.00000000000,598,3829.69000000000,17.61930000000,10.10180000000,3802,38319.1075936
410,41387.50000000000,0.10004400000,17.93150000000,85538.30000000000,200677.00000000000,659,3685.24000000000,19.41660000000,9.72075000000,3803,38320.1075936
411,41368.40000000000,0.09999760000,43.30870000000,85532.40000000000,200707.00000000000,638,3699.31000000000,18.79790000000,9.75786000000,3804,38321.1075936
412,41282.40000000000,0.09978970000,0.13652700000,85543.00000000000,200704.00000000000,673,3728.78000000000,19.82910000000,9.83558000000,3805,38322.1075936
413,41355.90000000000,0.09996730000,131.60900000000,85541.90000000000,200701.00000000000,775,3937.80000000000,22.83440000000,10.38690000000,3806,38323.1075936
414,41361.60000000000,0.09998110000,111.74900000000,85540.10000000000,200711.00000000000,688,3769.92000000000,20.27110000000,9.94411000000,3807,38324.1075936
415,41377.00000000000,0.10001800000,69.67390000000,85533.20000000000,200675.00000000000,685,4012.01000000000,20.18270000000,10.58270000000,3808,38325.1075936
416,41369.80000000000,0.10000100000,143.44500000000,85534.50000000000,200721.00000000000,746,3777.29000000000,21.98000000000,9.96354000000,3809,38326.1075936
417,41382.30000000000,0.10003100000,161.56600000000,85542.30000000000,200690.00000000000,734,3724.43000000000,21.62640000000,9.82411000000,3810,38327.1075936
418,41364.20000000000,0.09998740000,124.58300000000,85532.20000000000,200701.00000000000,693,3772.74000000000,20.41840000000,9.95153000000,3811,38328.1075936
419,41631.70000000000,0.10063400000,158.63500000000,85532.50000000000,200696.00000000000,752,3761.63000000000,22.15670000000,9.92223000000,3812,38329.1075936
420,41264.50000000000,0.09974640000,157.18900000000,85538.40000000000,200720.00000000000,702,3836.98000000000,20.68360000000,10.12100000000,3813,38330.1075936
421,41367.10000000000,0.09999420000,145.76200000000,85541.70000000000,200697.00000000000,667,3807.00000000000,19.65230000000,10.04190000000,3814,38331.1075936
422,41372.50000000000,0.10000700000,61.03630000000,85532.80000000000,200711.00000000000,618,3635.22000000000,18.20860000000,9.58879000000,3815,38332.1075936
423,41630.70000000000,0.10063100000,111.95100000000,85546.50000000000,200688.00000000000,660,3844.79000000000,19.44610000000,10.14160000000,3816,38333.1075936
424,41369.80000000000,0.10000100000,52.63990000000,85547.00000000000,200711.00000000000,650,3865.07000000000,19.15140000000,10.19510000000,3817,38334.1075936
425,41359.40000000000,0.09997580000,11.75950000000,85535.80000000000,200700.00000000000,689,3851.45000000000,20.30050000000,10.15910000000,3818,38335.1075936
426,41309.60000000000,0.09985530000,0.81674200000,85536.20000000000,200683.00000000000,699,3911.22000000000,20.59520000000,10.31680000000,3819,38336.1075936
427,41355.60000000000,0.09996660000,8.32528000000,85548.10000000000,200690.00000000000,668,3760.08000000000,19.68180000000,9.91816000000,3820,38337.1075936
428,41377.70000000000,0.10002000000,110.22700000000,85548.20000000000,200697.00000000000,666,3862.02000000000,19.62290000000,10.18700000000,3821,38338.1075936
429,41371.10000000000,0.10000400000,80.13120000000,85549.80000000000,200716.00000000000,680,3752.90000000000,20.03540000000,9.89920000000,3822,38339.1075936
430,41358.40000000000,0.09997320000,177.71000000000,85536.60000000000,200674.00000000000,686,3734.33000000000,20.21210000000,9.85022000000,3823,38340.1075936
431,41360.40000000000,0.09997800000,62.86520000000,85546.50000000000,200692.00000000000,636,3849.26000000000,18.73900000000,10.15340000000,3824,38341.1075936
432,41378.10000000000,0.10002100000,72.61340000000,85547.70000000000,200715.00000000000,637,3814.35000000000,18.76840000000,10.06130000000,3825,38342.1075936
433,41371.70000000000,0.10000500000,132.50900000000,85538.00000000000,200674.00000000000,742,3759.02000000000,21.86210000000,9.91536000000,3826,38343.1075936
434,41374.00000000000,0.10001100000,137.32800000000,85544.20000000000,200688.00000000000,681,3923.61000000000,20.06480000000,10.34950000000,3827,38344.1075936
435,41366.80000000000,0.09999370000,74.29580000000,85544.10000000000,200677.00000000000,658,3770.79000000000,19.38720000000,9.94640000000,3828,38345.1075936
436,41349.20000000000,0.09995100000,83.57850000000,85550.30000000000,200705.00000000000,737,3633.70000000000,21.71480000000,9.58478000000,3829,38346.1075936
437,41123.40000000000,0.09940530000,158.36200000000,85542.90000000000,200720.00000000000,681,3873.03000000000,20.06480000000,10.21610000000,3830,38347.1075936
438,41376.00000000000,0.10001600000,123.28500000000,85544.60000000000,200711.00000000000,705,3745.58000000000,20.77190000000,9.87991000000,3831,38348.1075936
439,41364.10000000000,0.09998700000,118.87900000000,85538.40000000000,200704.00000000000,686,3769.40000000000,20.21210000000,9.94272000000,3832,38349.1075936
440,41365.00000000000,0.09998920000,163.74800000000,85546.10000000000,200682.00000000000,698,3604.56000000000,20.56570000000,9.50793000000,3833,38350.1075936
441,41347.20000000000,0.09994620000,138.91200000000,85534.20000000000,200679.00000000000,729,3700.55000000000,21.47910000000,9.76113000000,3834,38351.1075936
442,41369.60000000000,0.10000000000,169.19600000000,85548.20000000000,200683.00000000000,695,3904.47000000000,20.47730000000,10.29900000000,3835,38352.1075936
443,41366.30000000000,0.09999240000,102.20600000000,85542.30000000000,200704.00000000000,678,3804.16000000000,19.97640000000,10.03440000000,3836,38353.1075936
444,41374.00000000000,0.10001100000,28.11390000000,85533.90000000000,200688.00000000000,666,3745.83000000000,19.62290000000,9.88055000000,3837,38354.1075936
445,41361.20000000000,0.09998010000,103.83100000000,85532.80000000000,200693.00000000000,681,3838.97000000000,20.06480000000,10.12620000000,3838,38355.1075936
446,41314.70000000000,0.09986770000,111.58100000000,85547.40000000000,200701.00000000000,722,3864.26000000000,21.27280000000,10.19300000000,3839,38356.1075936
447,41364.10000000000,0.09998700000,151.48400000000,85533.90000000000,200707.00000000000,726,3809.37000000000,21.39070000000,10.04820000000,3840,38357.1075936
448,41335.50000000000,0.09991790000,161.01800000000,85534.70000000000,200686.00000000000,701,3831.86000000000,20.65410000000,10.10750000000,3841,38358.1075936
449,41378.10000000000,0.10002100000,134.72900000000,85534.40000000000,200714.00000000000,692,3752.47000000000,20.38890000000,9.89809000000,3842,38359.1075936
450,41377.30000000000,0.10001900000,38.83550000000,85539.10000000000,200676.00000000000,686,4052.59000000000,20.21210000000,10.68970000000,3843,38360.1075936
451,41372.00000000000,0.10000600000,127.63200000000,85542.90000000000,200712.00000000000,690,3801.95000000000,20.33000000000,10.02860000000,3844,38361.1075936
452,41366.40000000000,0.09999260000,51.34750000000,85545.30000000000,200687.00000000000,652,3711.64000000000,19.21040000000,9.79039000000,3845,38362.1075936
453,41365.30000000000,0.09999000000,127.08000000000,85542.20000000000,200676.00000000000,693,3723.61000000000,20.41840000000,9.82195000000,3846,38363.1075936
454,41369.00000000000,0.09999900000,136.08200000000,85548.80000000000,200706.00000000000,714,3864.33000000000,21.03710000000,10.19310000000,3847,38364.1075936
455,41377.70000000000,0.10002000000,29.64910000000,85548.30000000000,200700.00000000000,680,3799.41000000000,20.03540000000,10.02190000000,3848,38365.1075936
456,41344.20000000000,0.09993890000,129.63900000000,85549.50000000000,200710.00000000000,725,3886.76000000000,21.36120000000,10.25230000000,3849,38366.1075936
457,41302.60000000000,0.09983850000,7.30942000000,85530.90000000000,200703.00000000000,704,3772.75000000000,20.74250000000,9.95158000000,3850,38367.1075936
458,41378.40000000000,0.10002200000,69.66550000000,85538.50000000000,200694.00000000000,688,3962.36000000000,20.27110000000,10.45170000000,3851,38368.1075936
459,41359.50000000000,0.09997600000,85.96790000000,85535.00000000000,200692.00000000000,668,3638.24000000000,19.68180000000,9.59678000000,3852,38369.1075936
460,41361.10000000000,0.09998000000,7.32139000000,85549.20000000000,200695.00000000000,654,3852.44000000000,19.26930000000,10.16180000000,3853,38370.1075936
461,41367.70000000000,0.09999570000,169.14000000000,85534.70000000000,200692.00000000000,744,3844.03000000000,21.92100000000,10.13960000000,3854,38371.1075936
462,41370.20000000000,0.10000200000,127.01100000000,85540.20000000000,200683.00000000000,719,3906.48000000000,21.18440000000,10.30430000000,3855,38372.1075936
463,41364.70000000000,0.09998840000,149.21300000000,85541.60000000000,200682.00000000000,705,3865.61000000000,20.77190000000,10.19650000000,3856,38373.1075936
464,41368.10000000000,0.09999680000,102.56500000000,85548.40000000000,200699.00000000000,657,3635.74000000000,19.35770000000,9.59017000000,3857,38374.1075936
465,41407.80000000000,0.10009300000,172.45700000000,85545.40000000000,200675.00000000000,718,3825.52000000000,21.15500000000,10.09080000000,3858,38375.1075936
466,41507.10000000000,0.10033300000,159.10300000000,85547.90000000000,200693.00000000000,688,3853.83000000000,20.27110000000,10.16540000000,3859,38376.1075936
467,41360.70000000000,0.09997880000,144.98500000000,85541.70000000000,200714.00000000000,694,3676.19000000000,20.44780000000,9.69687000000,3860,38377.1075936
468,41355.60000000000,0.09996660000,153.84400000000,85543.00000000000,200690.00000000000,765,3820.79000000000,22.53980000000,10.07830000000,3861,38378.1075936
469,41367.10000000000,0.09999430000,151.19500000000,85544.00000000000,200691.00000000000,672,3898.02000000000,19.79960000000,10.28200000000,3862,38379.1075936
470,41288.10000000000,0.09980340000,159.31100000000,85543.70000000000,200688.00000000000,705,3956.71000000000,20.77190000000,10.43680000000,3863,38380.1075936
471,41394.50000000000,0.10006100000,93.45270000000,85537.20000000000,200695.00000000000,683,3954.73000000000,20.12370000000,10.43160000000,3864,38381.1075936
472,41320.50000000000,0.09988170000,89.42320000000,85539.90000000000,200690.00000000000,656,3890.47000000000,19.32820000000,10.26210000000,3865,38382.1075936
473,41364.90000000000,0.09998890000,66.59170000000,85536.90000000000,200702.00000000000,623,3969.04000000000,18.35590000000,10.46930000000,3866,38383.1075936
474,41386.00000000000,0.10004000000,136.07000000000,85547.60000000000,200711.00000000000,708,3838.45000000000,20.86030000000,10.12490000000,3867,38384.1075936
475,41368.70000000000,0.09999810000,54.14000000000,85546.40000000000,200705.00000000000,665,3687.51000000000,19.59340000000,9.72674000000,3868,38385.1075936
476,41371.30000000000,0.10000400000,86.52720000000,85531.50000000000,200699.00000000000,668,3761.34000000000,19.68180000000,9.92148000000,3869,38386.1075936
477,41378.10000000000,0.10002100000,168.27700000000,85534.90000000000,200689.00000000000,707,3819.71000000000,20.83090000000,10.07540000000,3870,38387.1075936
478,41289.10000000000,0.09980570000,140.04600000000,85548.70000000000,200697.00000000000,702,3675.13000000000,20.68360000000,9.69406000000,3871,38388.1075936
479,41372.00000000000,0.10000600000,100.60000000000,85544.50000000000,200713.00000000000,700,3898.85000000000,20.62460000000,10.28420000000,3872,38389.1075936
480,41367.90000000000,0.09999640000,36.80460000000,85535.60000000000,200685.00000000000,671,4082.66000000000,19.77020000000,10.76900000000,3873,38390.1075936
481,41363.20000000000,0.09998480000,42.58390000000,85537.60000000000,200714.00000000000,640,3797.11000000000,18.85680000000,10.01580000000,3874,38391.1075936
482,41378.70000000000,0.10002200000,100.67300000000,85534.30000000000,200709.00000000000,669,3756.21000000000,19.71130000000,9.90793000000,3875,38392.1075936
483,41384.80000000000,0.10003700000,77.18760000000,85537.80000000000,200679.00000000000,661,3699.55000000000,19.47550000000,9.75849000000,3876,38393.1075936
484,41368.30000000000,0.09999740000,8.99493000000,85535.50000000000,200693.00000000000,662,3951.89000000000,19.50500000000,10.42410000000,3877,38394.1075936
485,41386.70000000000,0.10004200000,90.47070000000,85547.00000000000,200685.00000000000,695,3889.66000000000,20.47730000000,10.25990000000,3878,38395.1075936
486,41379.10000000000,0.10002300000,0.78168300000,85537.60000000000,200711.00000000000,656,3663.00000000000,19.32820000000,9.66207000000,3879,38396.1075936
487,41370.90000000000,0.10000400000,72.79010000000,85542.00000000000,200694.00000000000,653,3875.35000000000,19.23980000000,10.22220000000,3880,38397.1075936
488,41352.90000000000,0.09995990000,168.09400000000,85540.00000000000,200693.00000000000,725,3653.34000000000,21.36120000000,9.63660000000,3881,38398.1075936
489,41355.50000000000,0.09996640000,55.09270000000,85542.00000000000,200715.00000000000,621,3911.04000000000,18.29700000000,10.31630000000,3882,38399.1075936
490,41369.10000000000,0.09999910000,8.83532000000,85531.30000000000,200721.00000000000,673,3890.78000000000,19.82910000000,10.26290000000,3883,38400.1075936
491,41376.20000000000,0.10001600000,117.30500000000,85543.90000000000,200683.00000000000,733,3921.18000000000,21.59690000000,10.34310000000,3884,38401.1075936
492,41360.90000000000,0.09997930000,141.31900000000,85550.10000000000,200698.00000000000,734,3765.28000000000,21.62640000000,9.93187000000,3885,38402.1075936
493,41386.30000000000,0.10004100000,93.36430000000,85534.10000000000,200721.00000000000,701,3595.24000000000,20.65410000000,9.48334000000,3886,38403.1075936
494,41376.70000000000,0.10001800000,42.77530000000,85542.50000000000,200700.00000000000,693,3800.86000000000,20.41840000000,10.02570000000,3887,38404.1075936
495,41374.60000000000,0.10001300000,34.94400000000,85539.50000000000,200714.00000000000,633,3616.23000000000,18.65060000000,9.53871000000,3888,38405.1075936
496,41364.20000000000,0.09998730000,104.29600000000,85549.70000000000,200691.00000000000,716,3856.16000000000,21.09610000000,10.17160000000,3889,38406.1075936
497,41353.00000000000,0.09996030000,176.71000000000,85540.10000000000,200702.00000000000,656,3958.95000000000,19.32820000000,10.44270000000,3890,38407.1075936
498,41359.50000000000,0.09997600000,154.51300000000,85537.30000000000,200673.00000000000,745,3769.38000000000,21.95050000000,9.94268000000,3891,38408.1075936
499,41363.40000000000,0.09998550000,126.93400000000,85549.80000000000,200675.00000000000,753,3703.03000000000,22.18620000000,9.76766000000,3892,38409.1075936
500,41265.10000000000,0.09974780000,112.39900000000,85539.40000000000,200719.00000000000,750,3789.95000000000,22.09780000000,9.99695000000,3893,38410.1075936
